YE358311_defects,YE358311_Healthy,id
0.9998049,0.0001951664,IMG20180905145209.jpg
0.0027224065,0.99727756,IMG20180905151550.jpg
0.0062050633,0.9937949,IMG20180905151334.jpg
0.14038989,0.8596101,IMG20180905145909.jpg
